,Time,News Reporter,News Headline,URL
0,Jan-04-23 09:12PM, Bloomberg,Tech Companies Keep Slashing Jobs in Uncertain 2023 Economy,https://finance.yahoo.com/news/tech-companies-keep-slashing-jobs-004012234.html
1,Jan-04-23 04:30PM, Business Wire,Intel to Report Fourth-Quarter and Full-Year 2022 Financial Results,https://finance.yahoo.com/news/intel-report-fourth-quarter-full-213000570.html
2,Jan-04-23 12:59PM, Motley Fool,"Why Intel, Qualcomm, and TSMC Stocks Popped Today",https://finance.yahoo.com/m/b0d6c07c-e75e-30d7-8ee3-3af4815881e9/why-intel%2C-qualcomm%2C-and-tsmc.html
3,Jan-04-23 11:00AM, MarketWatch,Here are the chip companies that should benefit the most from the governments massive incentives,https://finance.yahoo.com/m/f372e0eb-0944-35c3-b06a-2919afa2a6ef/here-are-the-chip-companies.html
4,Jan-04-23 10:15AM, Motley Fool,What the Latest Updates Mean for Intel and Nvidia Investors,https://finance.yahoo.com/m/de6c7a13-aa48-3c63-83fe-3c0610487619/what-the-latest-updates-mean.html
5,Jan-04-23 09:25AM, Motley Fool,"Cut in Half in 2022: Which Is the Best Stock to Buy for 2023, Intel Stock or Nvidia Stock?",https://finance.yahoo.com/m/4715bb46-e295-3582-8a9e-7c743cbe4e36/cut-in-half-in-2022%3A-which-is.html
6,Jan-04-23 08:10AM, Motley Fool,Intel Follows Through on CPU Price Increase,https://finance.yahoo.com/m/1f2a3f79-66b3-3fae-a014-76e27fcd1ed3/intel-follows-through-on-cpu.html
7,Jan-04-23 07:34AM, MarketWatch,"Here are the companies in the layoffs spotlight: Salesforce joins Intel, Google, HP, Amazon, Cisco",https://finance.yahoo.com/m/8a47f0ea-7b53-36d7-bbea-34e312b132cf/here-are-the-companies-in-the.html
8,Jan-04-23 06:00AM, Motley Fool,Intel Unveils New Processors: Is It a Game-Changer for Intel Stock?,https://finance.yahoo.com/m/6822a7cd-e3bc-37ae-8ea8-8565a50250b9/intel-unveils-new-processors%3A.html
9,Jan-04-23 05:21AM, Motley Fool,5 Dow Stocks That Make for No-Brainer Buys in 2023,https://finance.yahoo.com/m/2579b334-e191-3a2a-90c2-90aadccdc1b6/5-dow-stocks-that-make-for.html
10,Jan-04-23 05:15AM, Motley Fool,One Indicator That Makes ASML a Screaming Buy,https://finance.yahoo.com/m/53465416-acdc-3028-ae91-4f9eeac2cd53/one-indicator-that-makes-asml.html
11,Jan-04-23 05:00AM, Motley Fool,"With Its Stock Near a 52-Week Low, Is Intel a Buy?",https://finance.yahoo.com/m/49a87ab7-fe6b-3c2a-8080-5084f037c1e4/with-its-stock-near-a-52-week.html
12,Jan-04-23 12:00AM, Financial Times,Chip designer Arm targets car market for growth,https://finance.yahoo.com/m/f2e63787-ffb0-3850-a658-c44cbb1aa301/chip-designer-arm-targets-car.html
13,Jan-03-23 05:45PM, Zacks,Intel (INTC) Gains As Market Dips: What You Should Know,https://finance.yahoo.com/news/intel-intc-gains-market-dips-224510183.html
14,Jan-03-23 02:15PM, Motley Fool,TSMC Had a Down Year in 2022. Why the Stock Is a Buy in 2023.,https://finance.yahoo.com/m/5125f214-8e60-3fe2-ba34-da5936e9f4ba/tsmc-had-a-down-year-in-2022..html
15,Jan-03-23 11:45AM, Yahoo Finance,"Nvidia working with Foxconn on electric cars, debuts new graphics cards at CES",https://finance.yahoo.com/news/nvidia-working-with-foxconn-on-electric-cars-debuts-new-graphics-cards-at-ces-164530036.html
16,Jan-03-23 09:17AM, Insider Monkey,15 Most Valuable Silicon Valley Companies in the World,https://finance.yahoo.com/news/15-most-valuable-silicon-valley-141713681.html
17,Jan-03-23 09:02AM, Yahoo Finance,Intel debuts 'world's fastest mobile processor' at CES 2023,https://finance.yahoo.com/news/intel-debuts-worlds-fastest-mobile-processor-at-ces-2023-140008461.html
18,Jan-03-23 09:00AM, Business Wire,CES: Intel Extends Performance Leadership with World's Fastest Mobile Processor,https://finance.yahoo.com/news/ces-intel-extends-performance-leadership-140000009.html
19,Jan-03-23 07:10AM, Motley Fool,Is It Time to Buy the Dow Jones' 3 Worst-Performing Stocks of 2022?,https://finance.yahoo.com/m/b650e821-5960-3481-967b-eef9a0728b0e/is-it-time-to-buy-the-dow.html
20,Jan-02-23 11:30AM, Motley Fool,Better Semiconductor Stock: TSMC vs. Intel,https://finance.yahoo.com/m/679ed036-7329-3f45-93e3-ee253015742e/better-semiconductor-stock%3A.html
21,Jan-02-23 11:15AM, Motley Fool,Warren Buffett Bought This Chip Giant in 2022. Should You Do the Same in 2023?,https://finance.yahoo.com/m/8ef466b2-eb73-3df3-9c39-8fed75b3ff00/warren-buffett-bought-this.html
22,Jan-02-23 11:07AM, Motley Fool,AMD Will Hold 1 Key Advantage Over Intel for Much of 2023,https://finance.yahoo.com/m/2b8c3acf-c938-3977-a0d5-60c1396f61c2/amd-will-hold-1-key-advantage.html
23,Jan-02-23 08:45AM, Motley Fool,"Down 49% in 2022, Is Intel an Excellent Dividend Stock to Buy for 2023?",https://finance.yahoo.com/m/4a85d5cc-6d27-3d47-bec1-dd59e7227a9c/down-49%25-in-2022%2C-is-intel-an.html
24,Jan-02-23 05:10AM, Motley Fool,Semiconductors Are a Trillion-Dollar Industry: Now Is the Time to Buy Advanced Micro Devices,https://finance.yahoo.com/m/77851f85-26a4-3a9e-9de7-1e19460ef5c9/semiconductors-are-a.html
25,Jan-01-23 09:10AM, Motley Fool,2 High-Yield Dividend Tech Stocks to Buy for 2023,https://finance.yahoo.com/m/f80f1f0c-4cf1-3485-906e-afc12a0b935b/2-high-yield-dividend-tech.html
26,Jan-01-23 09:00AM, Motley Fool,Taiwan Semi vs. Intel Stock: Which Is the Better Buy Now?,https://finance.yahoo.com/m/c6d054da-90bf-3c7d-b236-6d82b150de3f/taiwan-semi-vs.-intel-stock%3A.html
27,Dec-31-22 04:40PM, Investopedia,10 Biggest Technology Companies,https://finance.yahoo.com/m/4039dfaa-261b-3cd0-a3e1-699b93375d2a/10-biggest-technology.html
28,Dec-31-22 09:00AM, Simply Wall St.,Bullish Intel Corporation (NASDAQ:INTC) insiders filled their treasuries with US$4.9m worth of stock over last year,https://finance.yahoo.com/news/bullish-intel-corporation-nasdaq-intc-140009798.html
29,Dec-31-22 08:10AM, Motley Fool,This Could Be a Gross Margin Killer for AMD,https://finance.yahoo.com/m/62c7de6e-d48b-3d57-b34c-be0a9b51da09/this-could-be-a-gross-margin.html
30,Dec-31-22 05:30AM, Motley Fool,Buying These 3 Dirt Cheap Warren Buffett Dividend Stocks Could Be a Genius Move In 2023,https://finance.yahoo.com/m/71d9a91b-9bfb-3311-8d6c-93c6755af2c5/buying-these-3-dirt-cheap.html
31,Dec-30-22 05:15PM, Motley Fool,Don't Wait for a Market Crash: These 2 Top Stocks Are on Sale,https://finance.yahoo.com/m/cc7b28c7-7fca-3e1e-b3d7-ee05859ef7d0/don%27t-wait-for-a-market.html
32,Dec-30-22 01:38PM, MarketWatch,"Verizon, Intel and Dow stocks are the biggest dogs of the Dow as 2022 ends",https://finance.yahoo.com/m/ed01cab3-c106-3b58-8bf5-5d8eb786c03d/verizon%2C-intel-and-dow-stocks.html
33,Dec-30-22 01:30PM, Insider Monkey,15 Best 52-Week Low Large Cap Stocks to Buy Now,https://finance.yahoo.com/news/15-best-52-week-low-183029328.html
34,Dec-30-22 11:25AM, Motley Fool,Intel Backtracks on New Fab While TSMC Explores Further Expansion,https://finance.yahoo.com/m/db14ce93-b101-3d68-bbfb-11c7d62264b1/intel-backtracks-on-new-fab.html
35,Dec-30-22 08:53AM, Motley Fool,3 Top Stocks Worth Buying for the Long Term in 2023,https://finance.yahoo.com/m/84bfb677-6db2-3695-85d3-bd7f293f67d2/3-top-stocks-worth-buying-for.html
36,Dec-30-22 08:36AM, Zacks,Check Point (CHKP) & Intel Collab on Endpoint Security,https://finance.yahoo.com/news/check-point-chkp-intel-collab-133601314.html
37,Dec-30-22 07:50AM, Benzinga,"FTX Exchange's Assets Worth $3.5B Held By Bahamian Regulators, Italy PM To Meet Intel Over Chip Investment, New Oral COVID Antiviral Might Be Better Than Pfizer's Paxlovid: Today's Top Stories",https://finance.yahoo.com/news/ftx-exchanges-assets-worth-3-125005532.html
38,Dec-30-22 06:49AM, Benzinga,Italy PM To Meet Intel Over Multibillion-Euro Chip Investment,https://finance.yahoo.com/news/italy-pm-meet-intel-over-114912854.html
39,Dec-30-22 06:05AM, Motley Fool,ASML Stock Falls on News of a Huawei Patent Application. Time to Sell?,https://finance.yahoo.com/m/2dbce162-9ba9-33ee-9562-05e415786181/asml-stock-falls-on-news-of-a.html
40,Dec-30-22 05:30AM, Motley Fool,"Microsoft Stock: Buy, Sell, or Hold in 2023?",https://finance.yahoo.com/m/afd61b2f-146b-3390-8fa4-86d1779ec054/microsoft-stock%3A-buy%2C-sell%2C.html
41,Dec-29-22 04:49PM, American City Business Journals,GlobalFoundries is cutting 50 workers at its former HQ in Santa Clara,https://finance.yahoo.com/m/030d919f-8e77-3d11-bf1a-4e36d456f5f8/globalfoundries-is-cutting-50.html
42,Dec-29-22 01:36PM, Motley Fool,"Why Taiwan Semiconductor, Intel, and Qualcomm Stocks Popped Today",https://finance.yahoo.com/m/1a72f68c-cf50-3de3-ab35-b78944b8b8dd/why-taiwan-semiconductor%2C.html
43,Dec-29-22 10:33AM, MarketWatch,"All 30 Dow stocks rise, led by Disney and Apple, the previous sessions worst performers",https://finance.yahoo.com/m/531a392f-a657-3d52-bce6-c328c6174466/all-30-dow-stocks-rise%2C-led.html
44,Dec-29-22 09:30AM, TheStreet.com,My Unusual (For Me) 2023 Stock Pick Has Quietly Become a Dividend Champion,https://finance.yahoo.com/m/a4dbe371-56bc-33e9-ab26-711653d3abdd/my-unusual-%28for-me%29-2023.html
45,Dec-29-22 08:32AM, Reuters,"Italy PM to meet with Intel to ""facilitate"" chip factory investment",https://finance.yahoo.com/news/italy-pm-meet-intel-facilitate-133250615.html
46,Dec-29-22 08:00AM, Motley Fool,Better Dividend Stock for 2023? Intel Stock vs. Pepsi Stock,https://finance.yahoo.com/m/322e8cf1-f72c-3f42-9848-463773c1cffb/better-dividend-stock-for.html
47,Dec-28-22 10:31PM, Insider Monkey,11 Cheap Value Stocks to Buy According to Seth Klarman,https://finance.yahoo.com/news/11-cheap-value-stocks-buy-033119865.html
48,Dec-28-22 07:34PM, Morningstar Research,Analyst Report: Intel Corporation,https://finance.yahoo.com/m/fcdd38e2-6500-34b2-adc9-5b50842365a9/analyst-report%3A-intel.html
49,Dec-28-22 01:48PM, Investor's Business Daily,Intel Stock Today: Can This Short Straddle In Options Trading Make A $197 Profit?,https://finance.yahoo.com/m/0c7671ff-6a17-30bc-a417-356cc0b4689b/intel-stock-today%3A-can-this.html
50,Dec-28-22 01:07PM, Insider Monkey,12 Most Advanced Countries in Computer Technology,https://finance.yahoo.com/news/12-most-advanced-countries-computer-180723704.html
51,Dec-28-22 10:25AM, Insider Monkey,11 Best Autonomous Vehicle Stocks To Invest In,https://finance.yahoo.com/news/11-best-autonomous-vehicle-stocks-152548489.html
52,Dec-28-22 09:30AM, Insider Monkey,"The Future of Artificial Intelligence: 10 Companies, 10 Predictions",https://finance.yahoo.com/news/future-artificial-intelligence-10-companies-143034800.html
53,Dec-28-22 08:20AM, Motley Fool,Intel's Memory Chip Exit Looks Like a Genius Move,https://finance.yahoo.com/m/3eee202e-2a93-3c19-ae0f-e86f6282950b/intel%27s-memory-chip-exit.html
54,Dec-28-22 07:47AM, Zacks,Intel's (INTC) New GPUs Pose Threat to AMD's Market Share,https://finance.yahoo.com/news/intels-intc-gpus-pose-threat-124712297.html
55,Dec-28-22 06:00AM, Motley Fool,Is Intel Stock's 6% Dividend Yield Safe?,https://finance.yahoo.com/m/aee88cc0-ff6e-38bc-9b61-528d81af4b9f/is-intel-stock%27s-6%25-dividend.html
56,Dec-27-22 05:45PM, Zacks,Intel (INTC) Dips More Than Broader Markets: What You Should Know,https://finance.yahoo.com/news/intel-intc-dips-more-broader-224510085.html
57,Dec-27-22 05:01PM, Yahoo Finance Video,Chip glut has prices coming down while chipmakers are hurting: Analyst,https://finance.yahoo.com/video/chip-glut-prices-coming-down-220154504.html
58,Dec-27-22 09:53AM, Motley Fool,Is Taiwan Semiconductor Manufacturing Stock a Buy?,https://finance.yahoo.com/m/4a75d64c-da53-33eb-97f1-7364b152fedd/is-taiwan-semiconductor.html
59,Dec-27-22 09:40AM, Motley Fool,2 Top Stocks to Buy Before 2023,https://finance.yahoo.com/m/fabe823d-1b0a-3fb7-b00b-eaaa64e0fa9e/2-top-stocks-to-buy-before.html
60,Dec-27-22 08:00AM, Simply Wall St.,"With 62% institutional ownership, Intel Corporation (NASDAQ:INTC) is a favorite amongst the big guns",https://finance.yahoo.com/news/62-institutional-ownership-intel-corporation-130053154.html
61,Dec-27-22 07:07AM, Motley Fool,What the Latest Updates Mean for Intel Stock Investors,https://finance.yahoo.com/m/538def4c-ed2c-3224-8adf-95c5140655eb/what-the-latest-updates-mean.html
62,Dec-27-22 05:35AM, Motley Fool,AMD Is Losing Ground to Intel in This Key Chip Market,https://finance.yahoo.com/m/c83743e3-d538-3168-9cc5-739d0d39d305/amd-is-losing-ground-to-intel.html
63,Dec-26-22 07:50AM, Motley Fool,5 Sleep-at-Night Microchip Stocks With Growing Passive Income,https://finance.yahoo.com/m/6bd05ac3-0773-31ae-9806-0f824634602f/5-sleep-at-night-microchip.html
64,Dec-25-22 11:17AM, Insider Monkey,12 Most Advanced Countries in Electronics,https://finance.yahoo.com/news/12-most-advanced-countries-electronics-161748294.html
65,Dec-25-22 08:10AM, Motley Fool,Better Buy: Apple vs. Nvidia,https://finance.yahoo.com/m/949724d3-0a4a-36db-bd24-574c59816ce9/better-buy%3A-apple-vs.-nvidia.html
66,Dec-23-22 03:56PM, MarketWatch,"The bright side of the chip glut: Nvidia, AMD and Intel gaming cards are cheap and very available for Christmas",https://finance.yahoo.com/m/15330ed5-817e-346e-915a-f2a9d8c8ad76/the-bright-side-of-the-chip.html
67,Dec-23-22 02:46PM, Investor's Business Daily,"Apple Hubs In India, Vietnam Next Year; China Exodus By 2025. Are Beaten Down Tech Stocks A Buy Now?",https://finance.yahoo.com/m/0033e4cf-7345-3076-aa5e-b25cecf56df8/apple-hubs-in-india%2C-vietnam.html
68,Dec-23-22 02:25PM, TheStreet.com,3 High Dividend Stocks With High Expected Returns for 2023,https://finance.yahoo.com/m/14392418-00a1-3ee7-960a-fa06c5eb6801/3-high-dividend-stocks-with.html
69,Dec-23-22 10:41AM, Yahoo Finance,These 23 companies got $50 billion in tax breaks due to a Trump tax law,https://finance.yahoo.com/news/companies-billion-tax-breaks-trump-law-154129876.html
70,Dec-23-22 09:45AM, American City Business Journals,Intel shows support for proposed $5 million Dayton university project,https://finance.yahoo.com/m/7b3b51f5-861c-3fa1-b5d2-612796a7df36/intel-shows-support-for.html
71,Dec-23-22 09:00AM, Simply Wall St.,Be Wary Of Intel (NASDAQ:INTC) And Its Returns On Capital,https://finance.yahoo.com/news/wary-intel-nasdaq-intc-returns-140014192.html
72,Dec-23-22 09:00AM, The Wall Street Journal,"Intels New Compliance Chief Navigates Geopolitics, Supply-Chain Shift",https://finance.yahoo.com/m/3cb23ee9-641c-3d29-a355-3745ecf3af93/intel%E2%80%99s-new-compliance-chief.html
73,Dec-23-22 07:20AM, Insider Monkey,20 Biggest Companies that Sponsor H1B Visas,https://finance.yahoo.com/news/20-biggest-companies-sponsor-h1b-122007815.html
74,Dec-23-22 05:35AM, Motley Fool,Is Micron Stock a Buy Now?,https://finance.yahoo.com/m/16121e0d-e18f-34af-894f-501a110364a3/is-micron-stock-a-buy-now%3F.html
75,Dec-23-22 05:15AM, Motley Fool,I'm Passing on Intel Because IBM and Texas Instruments Are Better,https://finance.yahoo.com/m/649ec989-cbdf-3314-944d-9b3682104bbf/i%27m-passing-on-intel-because.html
76,Dec-23-22 12:00AM, Financial Times,TSMC in talks with suppliers over first European plant,https://finance.yahoo.com/m/2da7d1b2-4351-3fdf-ad90-02d2ccfe339f/tsmc-in-talks-with-suppliers.html
77,Dec-23-22 12:00AM, Financial Times,Chipmaker TSMC in talks with suppliers over first European plant,https://finance.yahoo.com/m/2da7d1b2-4351-3fdf-ad90-02d2ccfe339f/chipmaker-tsmc-in-talks-with.html
78,Dec-22-22 04:00PM, Motley Fool,"Why Did Nvidia, AMD, and Intel All Crash on Thursday?",https://finance.yahoo.com/m/c6777564-d0ab-38d5-a72c-d4a71ef27f15/why-did-nvidia%2C-amd%2C-and.html
79,Dec-22-22 12:45PM, Motley Fool,"Why Micron Melted Down and Intel, AMD, and Nvidia Followed",https://finance.yahoo.com/m/c6de7ee2-0e4b-35fb-9fb1-64bdd26761c9/why-micron-melted-down-and.html
80,Dec-22-22 10:07AM, Motley Fool,3 Ridiculously Cheap Dividend Stocks That Yield More Than 3%,https://finance.yahoo.com/m/cf0f3f56-548c-3006-9253-e7bf09a0065f/3-ridiculously-cheap-dividend.html
81,Dec-22-22 09:32AM, Motley Fool,Is This the End for Intel Stock? Or a New Beginning?,https://finance.yahoo.com/m/d9b126ef-a3ed-37cf-bef5-46113eda7bbb/is-this-the-end-for-intel.html
82,Dec-22-22 09:27AM, Benzinga,"Tesla Boosts Discounts, SEC Tightens Check On Auditors' Report On Crypto, Netflix Plans New Jersey Production Hub: Today's Top Stories",https://finance.yahoo.com/news/tesla-boosts-discounts-sec-tightens-142717668.html
83,Dec-22-22 09:00AM, Business Wire,Media Alert: Intel Hosts 4th Gen Xeon Scalable and Max Series Launch,https://finance.yahoo.com/news/media-alert-intel-hosts-4th-140000910.html
84,Dec-22-22 08:10AM, Benzinga,"Intel Restructures Graphics Chip Division To Win Market Share From Nvidia, AMD",https://finance.yahoo.com/news/intel-restructures-graphics-chip-division-131055456.html
85,Dec-22-22 05:56AM, Quartz,Intel has spared a part of its chips business from the chopping block (for now),https://finance.yahoo.com/news/intel-spared-part-chips-business-105600746.html
86,Dec-21-22 07:13PM, Motley Fool,Why Intel Stock Shot Higher on Wednesday,https://finance.yahoo.com/m/0efcc28c-6805-3057-bab2-4b3630b17bbb/why-intel-stock-shot-higher.html
87,Dec-21-22 04:18PM, Yahoo Finance,Tech stocks: The 'best' and worst performers of 2022,https://finance.yahoo.com/news/tech-stocks-the-best-and-worst-performers-of-2022-211831640.html
88,Dec-21-22 03:02PM, Reuters,Intel splits graphic chips unit into two,https://finance.yahoo.com/news/intel-splits-graphic-chips-unit-200222969.html
89,Dec-21-22 01:50PM, Barrons.com,IPO Proceeds Tanked in 2022.  They Havent Been This Low Since 1990.,https://finance.yahoo.com/m/5670b8fc-810b-3944-81ca-d97816647e4b/ipo-proceeds-tanked-in-2022.-.html
90,Dec-21-22 01:15PM, Insider Monkey,12 Best Tech Stocks For Long Term Investment,https://finance.yahoo.com/news/12-best-tech-stocks-long-181509893.html
91,Dec-21-22 11:49AM, Bloomberg,"Intel Breaks Up Graphics-Chip Unit, Names Koduri Chief Architect",https://finance.yahoo.com/news/intel-breaks-graphics-chip-unit-164933166.html
92,Dec-21-22 11:28AM, GuruFocus.com,3 Dividend Stocks to Maximize Total Return Potential,https://finance.yahoo.com/news/3-dividend-stocks-maximize-total-162827699.html
93,Dec-21-22 10:29AM, Motley Fool,Will Nvidia Stock Fly or Fall in 2023?,https://finance.yahoo.com/m/f928927d-38f1-3bc4-a102-7993ecbd4e17/will-nvidia-stock-fly-or-fall.html
94,Dec-21-22 09:00AM, Zacks,Intel Corporation (INTC) Is a Trending Stock: Facts to Know Before Betting on It,https://finance.yahoo.com/news/intel-corporation-intc-trending-stock-140002821.html
95,Dec-20-22 06:14PM, American City Business Journals,"Intel, Dutch Bros and jobs: The PBJ's top-read stories in 2022",https://finance.yahoo.com/m/387327c7-c2f0-3288-aaa2-8bcb4ac81c1d/intel%2C-dutch-bros-and-jobs%3A.html
96,Dec-20-22 09:15AM, Motley Fool,Could Intel's Pain Become This Dividend Stock's Gain?,https://finance.yahoo.com/m/c88bb483-62b9-3ce6-b138-663342072723/could-intel%27s-pain-become.html
97,Dec-20-22 07:30AM, Motley Fool,Could Amazon's New Chip Be the End of AMD and Other Chip Stocks?,https://finance.yahoo.com/m/889ff49f-ee4c-39da-9969-c03ee798588b/could-amazon%27s-new-chip-be.html
98,Dec-20-22 07:20AM, Motley Fool,Intel Has a $39 Billion Graphics Opportunity,https://finance.yahoo.com/m/a67bebb0-90b6-39f2-9538-7df00fb53193/intel-has-a-%2439-billion.html
99,Dec-20-22 05:20AM, Motley Fool,"Got $1,000? 5 Buffett Stocks to Buy and Hold Forever",https://finance.yahoo.com/m/3f6087b9-578a-3e8d-bd28-f99d949939e5/got-%241%2C000%3F-5-buffett-stocks.html
